{"cameraMode":{"drawMode":0,"name":"Shaded","section":"Shading Mode"},"sceneLighting":false,"audioPlay":false,"sceneViewState":{"m_AlwaysRefresh":false,"showFog":true,"showSkybox":false,"showFlares":true,"showImageEffects":true,"showParticleSystems":true,"showVisualEffectGraphs":true,"m_FxEnabled":true},"in2DMode":false,"pivot":{"x":303.4200134277344,"y":9.140000343322754,"z":357.45001220703127},"rotation":{"x":-0.01419594045728445,"y":-0.9166086912155151,"z":0.008434762246906758,"w":0.40420323610305788},"size":0.34318917989730837,"orthographic":false}